A	KCP_041_Complete_1	KCP_002_Complete_1	KCP_006_Complete_1	KCP_010_Complete_1	KCP_071_Complete_1	KCP_024_Complete_1	KCP_068_Complete_1	KCP_059_Complete_2	KCP_063_Complete_1	KCP_004_Complete_1	KCP_028_Complete_1	KCP_033_Complete_1	KCP_019_Complete_1	KCP_088_Complete_1	KCP_065_Complete_1	KCP_074_Complete_1	KCP_038_Complete_1	KCP_053_Complete_1	KCP_035_Complete_1	KCP_083_Complete_1	KCP_082_Complete_1	KCP_087_Complete_1	KCP_081_Complete_1	KCP_008_Complete_1	KCP_054_Complete_1	KCP_079_Medium-quality_1	KCP_018_Medium-quality_1	KCP_016_Medium-quality_1	KCP_017_Medium-quality_1	KCP_050_Medium-quality_1	KCP_051_Medium-quality_1	KCP_060_Complete_1	KCP_047_Complete_1	KCP_045_Complete_1	KCP_086_Complete_1	KCP_084_Complete_1	KCP_094_Complete_1	KCP_042_High-quality_1	KCP_077_High-quality_1	KCP_064_Medium-quality_1	KCP_057_Complete_1	KCP_066_Complete_1	KCP_046_Complete_1	KCP_056_Complete_1	KCP_021_Complete_1	KCP_036_Complete_1	KCP_044_Complete_1	KCP_090_Complete_1	KCP_034_Complete_1	KCP_062_Complete_1	KCP_061_Complete_1	KCP_005_Complete_1	KCP_070_Complete_1	KCP_027_Complete_1	KCP_055_Complete_1	KCP_049_Complete_1	KCP_015_Complete_1	KCP_076_Complete_1	KCP_013_Complete_1	KCP_012_Complete_1	KCP_020_Complete_1	KCP_011_High-quality_1	KCP_078_High-quality_1	KCP_093_Complete_1	KCP_067_Complete_1	KCP_069_Complete_1	KCP_007_Complete_1	KCP_058_Complete_1	KCP_059_Complete_1	KCP_026_Complete_1	KCP_043_Complete_1	KCP_014_High-quality_1	KCP_092_High-quality_1	KCP_029_High-quality_1	KCP_095_Complete_1	KCP_075_Complete_1	KCP_009_Complete_1	KCP_039_Complete_1	KCP_027_Medium-quality_1	KCP_031_Complete_1	KCP_023_High-quality_1	KCP_030_High-quality_1	KCP_025_High-quality_1	KCP_089_High-quality_1	KCP_040_Complete_1	KCP_064_Complete_1	KCP_022_High-quality_1	KCP_091_Complete_1	KCP_051_Complete_1	KCP_072_Complete_1	KCP_096_Complete_1
KCP_041_Complete_1	100.0	91.52	91.52	91.52	91.52	91.52	91.52	91.52	91.51	91.52	91.51	91.52	91.52	91.52	91.52	91.52	91.51	91.52	91.52	91.52	91.52	91.52	91.52	91.52	91.52	65.22	65.25	65.25	65.25	65.25	65.25	80.95	80.95	80.95	80.95	80.95	80.95	90.66	90.74	0.79	0.72	0.76	0.76	0.76	0.76	0.76	0.76	0.76	0.76	0.76	0.76	0.76	0.76	0.76	0.76	1.08	1.07	1.07	0.61	0.61	0.61	0.15	0.14	0.14	0.14	0.14	0.19	0.19	0.19	0.19	0.19	0.2	0.2	0.18	0.18	0.18	0.18	0.18	0.22	0.15	0.15	0.15	0.0	0.0	0.0	0.0	0.0	0.0	0.37	0.02	0.02
KCP_002_Complete_1	0.0	100.0	100.0	100.0	100.0	100.0	100.0	100.0	100.0	100.0	100.0	100.0	100.0	100.0	100.0	100.0	99.99	100.0	100.0	100.0	100.0	100.0	100.0	100.0	100.0	55.64	55.72	55.72	55.72	55.71	55.73	70.39	70.43	70.44	70.45	70.45	70.45	73.25	73.38	0.64	0.54	0.6	0.6	0.6	0.6	0.6	0.6	0.6	0.6	0.6	0.6	0.6	0.6	0.6	0.6	0.36	0.36	0.36	0.55	0.55	0.55	0.14	0.14	0.14	0.14	0.14	0.18	0.18	0.18	0.18	0.18	0.18	0.19	0.18	0.18	0.18	0.18	0.18	0.2	0.13	0.15	0.16	0.0	0.0	0.0	0.0	0.0	0.0	0.28	0.0	0.0
KCP_006_Complete_1	0.0	0.0	100.0	100.0	100.0	100.0	100.0	100.0	100.0	100.0	100.0	100.0	100.0	100.0	100.0	100.0	99.99	100.0	100.0	100.0	100.0	100.0	100.0	100.0	100.0	55.63	55.71	55.71	55.71	55.71	55.72	70.43	70.47	70.48	70.49	70.49	70.49	73.24	73.38	0.64	0.54	0.6	0.6	0.6	0.6	0.6	0.6	0.6	0.6	0.6	0.6	0.6	0.6	0.6	0.6	0.36	0.36	0.36	0.55	0.55	0.55	0.14	0.14	0.14	0.14	0.14	0.18	0.18	0.18	0.18	0.18	0.18	0.19	0.18	0.18	0.18	0.18	0.18	0.2	0.13	0.15	0.16	0.0	0.0	0.0	0.0	0.0	0.0	0.28	0.0	0.0
KCP_010_Complete_1	0.0	0.0	0.0	100.0	100.0	100.0	100.0	100.0	100.0	100.0	100.0	100.0	100.0	100.0	100.0	100.0	99.99	100.0	100.0	100.0	100.0	100.0	100.0	100.0	100.0	55.66	55.7	55.7	55.7	55.74	55.75	70.46	70.5	70.51	70.51	70.52	70.52	73.27	73.41	0.64	0.54	0.6	0.6	0.6	0.6	0.6	0.6	0.6	0.6	0.6	0.6	0.6	0.6	0.6	0.6	0.36	0.36	0.36	0.55	0.55	0.55	0.14	0.14	0.14	0.14	0.14	0.18	0.18	0.18	0.18	0.18	0.18	0.19	0.18	0.18	0.18	0.18	0.18	0.2	0.13	0.15	0.16	0.0	0.0	0.0	0.0	0.0	0.0	0.28	0.0	0.0
KCP_071_Complete_1	0.0	0.0	0.0	0.0	100.0	100.0	100.0	100.0	100.0	100.0	100.0	100.0	100.0	100.0	100.0	100.0	99.99	100.0	100.0	100.0	100.0	100.0	100.0	100.0	100.0	55.66	55.7	55.7	55.7	55.74	55.75	70.46	70.5	70.51	70.51	70.52	70.52	73.27	73.41	0.64	0.54	0.6	0.6	0.6	0.6	0.6	0.6	0.6	0.6	0.6	0.6	0.6	0.6	0.6	0.6	0.36	0.36	0.36	0.55	0.55	0.55	0.14	0.14	0.14	0.14	0.14	0.18	0.18	0.18	0.18	0.18	0.18	0.19	0.18	0.18	0.18	0.18	0.18	0.2	0.13	0.15	0.16	0.0	0.0	0.0	0.0	0.0	0.0	0.28	0.0	0.0
KCP_024_Complete_1	0.0	0.0	0.0	0.0	0.0	100.0	100.0	100.0	100.0	100.0	100.0	100.0	100.0	100.0	100.0	100.0	99.99	100.0	100.0	100.0	100.0	100.0	100.0	100.0	100.0	55.66	55.74	55.74	55.74	55.74	55.75	70.46	70.5	70.51	70.52	70.52	70.52	73.26	73.41	0.64	0.54	0.6	0.6	0.6	0.6	0.6	0.6	0.6	0.6	0.6	0.6	0.6	0.6	0.6	0.6	0.36	0.36	0.36	0.55	0.55	0.55	0.14	0.14	0.14	0.14	0.14	0.18	0.18	0.18	0.18	0.18	0.18	0.19	0.18	0.18	0.18	0.18	0.18	0.2	0.13	0.15	0.16	0.0	0.0	0.0	0.0	0.0	0.0	0.28	0.0	0.0
KCP_068_Complete_1	0.0	0.0	0.0	0.0	0.0	0.0	100.0	100.0	100.0	100.0	100.0	100.0	100.0	100.0	100.0	100.0	99.99	100.0	100.0	100.0	100.0	100.0	100.0	100.0	100.0	55.66	55.73	55.73	55.73	55.73	55.74	70.45	70.5	70.51	70.51	70.51	70.51	73.26	73.4	0.64	0.54	0.6	0.6	0.6	0.6	0.6	0.6	0.6	0.6	0.6	0.6	0.6	0.6	0.6	0.6	0.36	0.36	0.36	0.55	0.55	0.55	0.14	0.14	0.14	0.14	0.14	0.18	0.18	0.18	0.18	0.18	0.18	0.19	0.18	0.18	0.18	0.18	0.18	0.2	0.13	0.15	0.16	0.0	0.0	0.0	0.0	0.0	0.0	0.28	0.0	0.0
KCP_059_Complete_2	0.0	0.0	0.0	0.0	0.0	0.0	0.0	100.0	100.0	100.0	100.0	100.0	100.0	100.0	100.0	100.0	99.99	100.0	100.0	100.0	100.0	100.0	100.0	100.0	100.0	55.65	55.73	55.73	55.73	55.72	55.73	70.45	70.49	70.5	70.51	70.51	70.51	73.25	73.39	0.64	0.54	0.6	0.6	0.6	0.6	0.6	0.6	0.6	0.6	0.6	0.6	0.6	0.6	0.6	0.6	0.36	0.36	0.36	0.55	0.55	0.55	0.14	0.14	0.14	0.14	0.14	0.18	0.18	0.18	0.18	0.18	0.18	0.19	0.18	0.18	0.18	0.18	0.18	0.2	0.13	0.15	0.16	0.0	0.0	0.0	0.0	0.0	0.0	0.28	0.0	0.0
KCP_063_Complete_1	0.0	0.0	0.0	0.0	0.0	0.0	0.0	0.0	100.0	100.0	100.0	100.0	100.0	100.0	100.0	100.0	99.99	100.0	100.0	100.0	100.0	100.0	100.0	100.0	100.0	55.65	55.73	55.73	55.73	55.72	55.74	70.45	70.49	70.5	70.5	70.51	70.51	73.25	73.39	0.64	0.54	0.6	0.6	0.6	0.6	0.6	0.6	0.6	0.6	0.6	0.6	0.6	0.6	0.6	0.6	0.36	0.36	0.36	0.55	0.55	0.55	0.14	0.14	0.14	0.14	0.14	0.18	0.18	0.18	0.18	0.18	0.18	0.19	0.18	0.18	0.18	0.18	0.18	0.2	0.13	0.15	0.16	0.0	0.0	0.0	0.0	0.0	0.0	0.28	0.0	0.0
KCP_004_Complete_1	0.0	0.0	0.0	0.0	0.0	0.0	0.0	0.0	0.0	100.0	100.0	100.0	100.0	100.0	100.0	100.0	99.99	100.0	100.0	100.0	100.0	100.0	100.0	100.0	100.0	55.65	55.73	55.73	55.73	55.73	55.74	70.45	70.49	70.5	70.5	70.51	70.51	73.26	73.4	0.64	0.54	0.6	0.6	0.6	0.6	0.6	0.6	0.6	0.6	0.6	0.6	0.6	0.6	0.6	0.6	0.36	0.36	0.36	0.55	0.55	0.55	0.14	0.14	0.14	0.14	0.14	0.18	0.18	0.18	0.18	0.18	0.18	0.19	0.18	0.18	0.18	0.18	0.18	0.2	0.13	0.15	0.16	0.0	0.0	0.0	0.0	0.0	0.0	0.28	0.0	0.0
KCP_028_Complete_1	0.0	0.0	0.0	0.0	0.0	0.0	0.0	0.0	0.0	0.0	100.0	100.0	100.0	100.0	100.0	100.0	99.99	100.0	100.0	100.0	100.0	100.0	100.0	100.0	100.0	55.65	55.73	55.73	55.73	55.73	55.74	70.45	70.49	70.5	70.51	70.51	70.51	73.25	73.39	0.64	0.54	0.6	0.6	0.6	0.6	0.6	0.6	0.6	0.6	0.6	0.6	0.6	0.6	0.6	0.6	0.36	0.36	0.36	0.55	0.55	0.55	0.14	0.14	0.14	0.14	0.14	0.18	0.18	0.18	0.18	0.18	0.18	0.19	0.18	0.18	0.18	0.18	0.18	0.2	0.13	0.15	0.16	0.0	0.0	0.0	0.0	0.0	0.0	0.28	0.0	0.0
KCP_033_Complete_1	0.0	0.0	0.0	0.0	0.0	0.0	0.0	0.0	0.0	0.0	0.0	100.0	100.0	100.0	100.0	100.0	99.99	100.0	100.0	100.0	100.0	100.0	100.0	100.0	100.0	55.65	55.73	55.73	55.73	55.73	55.74	70.45	70.49	70.5	70.51	70.51	70.51	73.26	73.39	0.64	0.54	0.6	0.6	0.6	0.6	0.6	0.6	0.6	0.6	0.6	0.6	0.6	0.6	0.6	0.6	0.36	0.36	0.36	0.55	0.55	0.55	0.14	0.14	0.14	0.14	0.14	0.18	0.18	0.18	0.18	0.18	0.18	0.19	0.18	0.18	0.18	0.18	0.18	0.2	0.13	0.15	0.16	0.0	0.0	0.0	0.0	0.0	0.0	0.28	0.0	0.0
KCP_019_Complete_1	0.0	0.0	0.0	0.0	0.0	0.0	0.0	0.0	0.0	0.0	0.0	0.0	100.0	100.0	100.0	100.0	99.99	100.0	100.0	100.0	100.0	100.0	100.0	100.0	100.0	55.51	55.59	55.59	55.59	55.59	55.6	70.33	70.37	70.39	70.39	70.39	70.39	73.14	73.28	0.64	0.54	0.6	0.6	0.6	0.6	0.6	0.6	0.6	0.6	0.6	0.6	0.6	0.6	0.6	0.6	0.36	0.36	0.36	0.55	0.55	0.55	0.14	0.14	0.14	0.14	0.14	0.18	0.18	0.18	0.18	0.18	0.18	0.19	0.18	0.18	0.18	0.18	0.18	0.2	0.13	0.15	0.16	0.0	0.0	0.0	0.0	0.0	0.0	0.28	0.0	0.0
KCP_088_Complete_1	0.0	0.0	0.0	0.0	0.0	0.0	0.0	0.0	0.0	0.0	0.0	0.0	0.0	100.0	100.0	100.0	99.99	100.0	100.0	100.0	100.0	100.0	100.0	100.0	100.0	55.51	55.59	55.59	55.59	55.59	55.6	70.34	70.38	70.39	70.39	70.4	70.4	73.14	73.28	0.64	0.54	0.6	0.6	0.6	0.6	0.6	0.6	0.6	0.6	0.6	0.6	0.6	0.6	0.6	0.6	0.36	0.36	0.36	0.55	0.55	0.55	0.14	0.14	0.14	0.14	0.14	0.18	0.18	0.18	0.18	0.18	0.18	0.19	0.18	0.18	0.18	0.18	0.18	0.2	0.13	0.15	0.16	0.0	0.0	0.0	0.0	0.0	0.0	0.28	0.0	0.0
KCP_065_Complete_1	0.0	0.0	0.0	0.0	0.0	0.0	0.0	0.0	0.0	0.0	0.0	0.0	0.0	0.0	100.0	100.0	99.99	100.0	100.0	100.0	100.0	100.0	100.0	100.0	100.0	55.51	55.59	55.59	55.59	55.59	55.6	70.34	70.38	70.39	70.39	70.4	70.4	73.14	73.28	0.64	0.54	0.6	0.6	0.6	0.6	0.6	0.6	0.6	0.6	0.6	0.6	0.6	0.6	0.6	0.6	0.36	0.36	0.36	0.55	0.55	0.55	0.14	0.14	0.14	0.14	0.14	0.18	0.18	0.18	0.18	0.18	0.18	0.19	0.18	0.18	0.18	0.18	0.18	0.2	0.13	0.15	0.16	0.0	0.0	0.0	0.0	0.0	0.0	0.28	0.0	0.0
KCP_074_Complete_1	0.0	0.0	0.0	0.0	0.0	0.0	0.0	0.0	0.0	0.0	0.0	0.0	0.0	0.0	0.0	100.0	99.99	100.0	100.0	100.0	100.0	100.0	100.0	100.0	100.0	55.51	55.59	55.59	55.59	55.59	55.6	70.34	70.38	70.39	70.39	70.4	70.4	73.14	73.28	0.64	0.54	0.6	0.6	0.6	0.6	0.6	0.6	0.6	0.6	0.6	0.6	0.6	0.6	0.6	0.6	0.36	0.36	0.36	0.55	0.55	0.55	0.14	0.14	0.14	0.14	0.14	0.18	0.18	0.18	0.18	0.18	0.18	0.19	0.18	0.18	0.18	0.18	0.18	0.2	0.13	0.15	0.16	0.0	0.0	0.0	0.0	0.0	0.0	0.28	0.0	0.0
KCP_038_Complete_1	0.0	0.0	0.0	0.0	0.0	0.0	0.0	0.0	0.0	0.0	0.0	0.0	0.0	0.0	0.0	0.0	100.0	99.99	99.99	99.99	99.99	99.99	99.99	99.99	99.99	55.51	55.59	55.59	55.59	55.59	55.6	70.46	70.5	70.51	70.52	70.52	70.52	73.27	73.4	0.64	0.54	0.6	0.6	0.6	0.6	0.6	0.6	0.6	0.6	0.6	0.6	0.6	0.6	0.6	0.6	0.36	0.36	0.36	0.55	0.55	0.55	0.14	0.14	0.14	0.14	0.14	0.18	0.18	0.18	0.18	0.18	0.18	0.19	0.18	0.18	0.18	0.18	0.18	0.2	0.13	0.15	0.16	0.0	0.0	0.0	0.0	0.0	0.0	0.28	0.0	0.0
KCP_053_Complete_1	0.0	0.0	0.0	0.0	0.0	0.0	0.0	0.0	0.0	0.0	0.0	0.0	0.0	0.0	0.0	0.0	0.0	100.0	100.0	100.0	100.0	100.0	100.0	100.0	100.0	55.51	55.59	55.59	55.59	55.59	55.6	70.44	70.48	70.49	70.5	70.5	70.5	73.25	73.39	0.64	0.54	0.6	0.6	0.6	0.6	0.6	0.6	0.6	0.6	0.6	0.6	0.6	0.6	0.6	0.6	0.36	0.36	0.36	0.55	0.55	0.55	0.14	0.14	0.14	0.14	0.14	0.18	0.18	0.18	0.18	0.18	0.18	0.19	0.18	0.18	0.18	0.18	0.18	0.2	0.13	0.15	0.16	0.0	0.0	0.0	0.0	0.0	0.0	0.28	0.0	0.0
KCP_035_Complete_1	0.0	0.0	0.0	0.0	0.0	0.0	0.0	0.0	0.0	0.0	0.0	0.0	0.0	0.0	0.0	0.0	0.0	0.0	100.0	100.0	100.0	100.0	100.0	100.0	100.0	55.51	55.59	55.59	55.59	55.59	55.6	70.45	70.49	70.5	70.51	70.51	70.51	73.26	73.4	0.64	0.54	0.6	0.6	0.6	0.6	0.6	0.6	0.6	0.6	0.6	0.6	0.6	0.6	0.6	0.6	0.36	0.36	0.36	0.55	0.55	0.55	0.14	0.14	0.14	0.14	0.14	0.18	0.18	0.18	0.18	0.18	0.18	0.19	0.18	0.18	0.18	0.18	0.18	0.2	0.13	0.15	0.16	0.0	0.0	0.0	0.0	0.0	0.0	0.28	0.0	0.0
KCP_083_Complete_1	0.0	0.0	0.0	0.0	0.0	0.0	0.0	0.0	0.0	0.0	0.0	0.0	0.0	0.0	0.0	0.0	0.0	0.0	0.0	100.0	100.0	100.0	100.0	100.0	100.0	55.51	55.59	55.59	55.59	55.59	55.6	70.46	70.5	70.51	70.51	70.52	70.52	73.27	73.41	0.64	0.54	0.6	0.6	0.6	0.6	0.6	0.6	0.6	0.6	0.6	0.6	0.6	0.6	0.6	0.6	0.36	0.36	0.36	0.55	0.55	0.55	0.14	0.14	0.14	0.14	0.14	0.18	0.18	0.18	0.18	0.18	0.18	0.19	0.18	0.18	0.18	0.18	0.18	0.2	0.13	0.15	0.16	0.0	0.0	0.0	0.0	0.0	0.0	0.28	0.0	0.0
KCP_082_Complete_1	0.0	0.0	0.0	0.0	0.0	0.0	0.0	0.0	0.0	0.0	0.0	0.0	0.0	0.0	0.0	0.0	0.0	0.0	0.0	0.0	100.0	100.0	100.0	100.0	100.0	55.58	55.66	55.66	55.66	55.65	55.67	70.4	70.44	70.45	70.46	70.46	70.46	73.2	73.34	0.64	0.54	0.6	0.6	0.6	0.6	0.6	0.6	0.6	0.6	0.6	0.6	0.6	0.6	0.6	0.6	0.36	0.36	0.36	0.55	0.55	0.55	0.14	0.14	0.14	0.14	0.14	0.18	0.18	0.18	0.18	0.18	0.18	0.19	0.18	0.18	0.18	0.18	0.18	0.2	0.13	0.15	0.16	0.0	0.0	0.0	0.0	0.0	0.0	0.28	0.0	0.0
KCP_087_Complete_1	0.0	0.0	0.0	0.0	0.0	0.0	0.0	0.0	0.0	0.0	0.0	0.0	0.0	0.0	0.0	0.0	0.0	0.0	0.0	0.0	0.0	100.0	100.0	100.0	100.0	55.58	55.66	55.66	55.66	55.65	55.67	70.4	70.44	70.45	70.46	70.46	70.46	73.2	73.34	0.64	0.54	0.6	0.6	0.6	0.6	0.6	0.6	0.6	0.6	0.6	0.6	0.6	0.6	0.6	0.6	0.36	0.36	0.36	0.55	0.55	0.55	0.14	0.14	0.14	0.14	0.14	0.18	0.18	0.18	0.18	0.18	0.18	0.19	0.18	0.18	0.18	0.18	0.18	0.2	0.13	0.15	0.16	0.0	0.0	0.0	0.0	0.0	0.0	0.28	0.0	0.0
KCP_081_Complete_1	0.0	0.0	0.0	0.0	0.0	0.0	0.0	0.0	0.0	0.0	0.0	0.0	0.0	0.0	0.0	0.0	0.0	0.0	0.0	0.0	0.0	0.0	100.0	100.0	100.0	55.58	55.66	55.66	55.66	55.66	55.67	70.45	70.49	70.5	70.51	70.51	70.51	73.26	73.4	0.64	0.54	0.6	0.6	0.6	0.6	0.6	0.6	0.6	0.6	0.6	0.6	0.6	0.6	0.6	0.6	0.36	0.36	0.36	0.55	0.55	0.55	0.14	0.14	0.14	0.14	0.14	0.18	0.18	0.18	0.18	0.18	0.18	0.19	0.18	0.18	0.18	0.18	0.18	0.2	0.13	0.15	0.16	0.0	0.0	0.0	0.0	0.0	0.0	0.28	0.0	0.0
KCP_008_Complete_1	0.0	0.0	0.0	0.0	0.0	0.0	0.0	0.0	0.0	0.0	0.0	0.0	0.0	0.0	0.0	0.0	0.0	0.0	0.0	0.0	0.0	0.0	0.0	100.0	100.0	55.58	55.66	55.66	55.66	55.66	55.67	70.45	70.49	70.5	70.51	70.51	70.51	73.26	73.4	0.64	0.54	0.6	0.6	0.6	0.6	0.6	0.6	0.6	0.6	0.6	0.6	0.6	0.6	0.6	0.6	0.36	0.36	0.36	0.55	0.55	0.55	0.14	0.14	0.14	0.14	0.14	0.18	0.18	0.18	0.18	0.18	0.18	0.19	0.18	0.18	0.18	0.18	0.18	0.2	0.13	0.15	0.16	0.0	0.0	0.0	0.0	0.0	0.0	0.28	0.0	0.0
KCP_054_Complete_1	0.0	0.0	0.0	0.0	0.0	0.0	0.0	0.0	0.0	0.0	0.0	0.0	0.0	0.0	0.0	0.0	0.0	0.0	0.0	0.0	0.0	0.0	0.0	0.0	100.0	55.58	55.66	55.66	55.66	55.66	55.67	70.45	70.49	70.5	70.51	70.51	70.51	73.26	73.4	0.64	0.54	0.6	0.6	0.6	0.6	0.6	0.6	0.6	0.6	0.6	0.6	0.6	0.6	0.6	0.6	0.36	0.36	0.36	0.55	0.55	0.55	0.14	0.14	0.14	0.14	0.14	0.18	0.18	0.18	0.18	0.18	0.18	0.19	0.18	0.18	0.18	0.18	0.18	0.2	0.13	0.15	0.16	0.0	0.0	0.0	0.0	0.0	0.0	0.28	0.0	0.0
KCP_079_Medium-quality_1	0.0	0.0	0.0	0.0	0.0	0.0	0.0	0.0	0.0	0.0	0.0	0.0	0.0	0.0	0.0	0.0	0.0	0.0	0.0	0.0	0.0	0.0	0.0	0.0	0.0	100.0	99.98	99.98	99.98	99.97	99.97	65.89	65.87	65.89	65.89	65.89	65.89	77.67	77.99	0.45	0.42	0.42	0.42	0.42	0.42	0.42	0.42	0.42	0.42	0.42	0.42	0.42	0.42	0.42	0.42	1.59	1.31	1.31	0.4	0.4	0.4	0.09	0.09	0.09	0.09	0.09	0.13	0.13	0.13	0.13	0.13	0.13	0.14	0.09	0.08	0.08	0.08	0.08	0.15	0.11	0.07	0.08	0.0	0.0	0.0	0.0	0.0	0.0	0.3	0.03	0.03
KCP_018_Medium-quality_1	0.0	0.0	0.0	0.0	0.0	0.0	0.0	0.0	0.0	0.0	0.0	0.0	0.0	0.0	0.0	0.0	0.0	0.0	0.0	0.0	0.0	0.0	0.0	0.0	0.0	0.0	100.0	100.0	100.0	99.99	99.99	65.93	65.91	65.93	65.93	65.93	65.93	77.69	77.97	0.45	0.42	0.42	0.42	0.42	0.42	0.42	0.42	0.42	0.42	0.42	0.42	0.42	0.42	0.42	0.42	1.59	1.31	1.31	0.4	0.4	0.4	0.09	0.09	0.09	0.09	0.09	0.13	0.13	0.13	0.13	0.13	0.13	0.14	0.09	0.08	0.08	0.08	0.08	0.15	0.11	0.07	0.08	0.0	0.0	0.0	0.0	0.0	0.0	0.3	0.03	0.03
KCP_016_Medium-quality_1	0.0	0.0	0.0	0.0	0.0	0.0	0.0	0.0	0.0	0.0	0.0	0.0	0.0	0.0	0.0	0.0	0.0	0.0	0.0	0.0	0.0	0.0	0.0	0.0	0.0	0.0	0.0	100.0	100.0	99.99	99.99	65.93	65.91	65.93	65.93	65.93	65.93	77.69	77.97	0.45	0.42	0.42	0.42	0.42	0.42	0.42	0.42	0.42	0.42	0.42	0.42	0.42	0.42	0.42	0.42	1.59	1.31	1.31	0.4	0.4	0.4	0.09	0.09	0.09	0.09	0.09	0.13	0.13	0.13	0.13	0.13	0.13	0.14	0.09	0.08	0.08	0.08	0.08	0.15	0.11	0.07	0.08	0.0	0.0	0.0	0.0	0.0	0.0	0.3	0.03	0.03
KCP_017_Medium-quality_1	0.0	0.0	0.0	0.0	0.0	0.0	0.0	0.0	0.0	0.0	0.0	0.0	0.0	0.0	0.0	0.0	0.0	0.0	0.0	0.0	0.0	0.0	0.0	0.0	0.0	0.0	0.0	0.0	100.0	99.99	99.99	65.93	65.91	65.93	65.93	65.93	65.93	77.69	77.97	0.45	0.42	0.42	0.42	0.42	0.42	0.42	0.42	0.42	0.42	0.42	0.42	0.42	0.42	0.42	0.42	1.59	1.31	1.31	0.4	0.4	0.4	0.09	0.09	0.09	0.09	0.09	0.13	0.13	0.13	0.13	0.13	0.13	0.14	0.09	0.08	0.08	0.08	0.08	0.15	0.11	0.07	0.08	0.0	0.0	0.0	0.0	0.0	0.0	0.3	0.03	0.03
KCP_050_Medium-quality_1	0.0	0.0	0.0	0.0	0.0	0.0	0.0	0.0	0.0	0.0	0.0	0.0	0.0	0.0	0.0	0.0	0.0	0.0	0.0	0.0	0.0	0.0	0.0	0.0	0.0	0.0	0.0	0.0	0.0	100.0	100.0	65.93	65.91	65.93	65.93	65.92	65.92	77.68	77.96	0.45	0.42	0.42	0.42	0.42	0.42	0.42	0.42	0.42	0.42	0.42	0.42	0.42	0.42	0.42	0.42	1.59	1.31	1.31	0.4	0.4	0.4	0.09	0.09	0.09	0.09	0.09	0.13	0.13	0.13	0.13	0.13	0.13	0.14	0.09	0.08	0.08	0.08	0.08	0.15	0.11	0.07	0.08	0.0	0.0	0.0	0.0	0.0	0.0	0.3	0.03	0.03
KCP_051_Medium-quality_1	0.0	0.0	0.0	0.0	0.0	0.0	0.0	0.0	0.0	0.0	0.0	0.0	0.0	0.0	0.0	0.0	0.0	0.0	0.0	0.0	0.0	0.0	0.0	0.0	0.0	0.0	0.0	0.0	0.0	0.0	100.0	65.94	65.92	65.94	65.94	65.94	65.94	77.69	77.97	0.45	0.42	0.42	0.42	0.42	0.42	0.42	0.42	0.42	0.42	0.42	0.42	0.42	0.42	0.42	0.42	1.59	1.31	1.31	0.4	0.4	0.4	0.09	0.09	0.09	0.09	0.09	0.13	0.13	0.13	0.13	0.13	0.13	0.14	0.09	0.08	0.08	0.08	0.08	0.15	0.11	0.07	0.08	0.0	0.0	0.0	0.0	0.0	0.0	0.3	0.03	0.03
KCP_060_Complete_1	0.0	0.0	0.0	0.0	0.0	0.0	0.0	0.0	0.0	0.0	0.0	0.0	0.0	0.0	0.0	0.0	0.0	0.0	0.0	0.0	0.0	0.0	0.0	0.0	0.0	0.0	0.0	0.0	0.0	0.0	0.0	100.0	100.0	100.0	100.0	100.0	100.0	83.97	84.36	0.1	0.52	0.52	0.52	0.52	0.52	0.52	0.52	0.52	0.52	0.52	0.52	0.52	0.52	0.52	0.52	0.86	0.83	0.83	0.34	0.34	0.34	0.0	0.0	0.0	0.0	0.0	0.0	0.0	0.0	0.0	0.0	0.0	0.0	0.0	0.0	0.0	0.0	0.0	0.0	0.0	0.0	0.0	0.0	0.0	0.0	0.0	0.0	0.0	0.0	0.0	0.0
KCP_047_Complete_1	0.0	0.0	0.0	0.0	0.0	0.0	0.0	0.0	0.0	0.0	0.0	0.0	0.0	0.0	0.0	0.0	0.0	0.0	0.0	0.0	0.0	0.0	0.0	0.0	0.0	0.0	0.0	0.0	0.0	0.0	0.0	0.0	100.0	100.0	100.0	100.0	100.0	83.95	84.35	0.1	0.52	0.52	0.52	0.52	0.52	0.52	0.52	0.52	0.52	0.52	0.52	0.52	0.52	0.52	0.52	0.82	0.83	0.83	0.34	0.34	0.34	0.0	0.0	0.0	0.0	0.0	0.0	0.0	0.0	0.0	0.0	0.0	0.0	0.0	0.0	0.0	0.0	0.0	0.0	0.0	0.0	0.0	0.0	0.0	0.0	0.0	0.0	0.0	0.0	0.0	0.0
KCP_045_Complete_1	0.0	0.0	0.0	0.0	0.0	0.0	0.0	0.0	0.0	0.0	0.0	0.0	0.0	0.0	0.0	0.0	0.0	0.0	0.0	0.0	0.0	0.0	0.0	0.0	0.0	0.0	0.0	0.0	0.0	0.0	0.0	0.0	0.0	100.0	100.0	100.0	100.0	83.97	84.36	0.1	0.52	0.52	0.52	0.52	0.52	0.52	0.52	0.52	0.52	0.52	0.52	0.52	0.52	0.52	0.52	0.82	0.83	0.83	0.34	0.34	0.34	0.0	0.0	0.0	0.0	0.0	0.0	0.0	0.0	0.0	0.0	0.0	0.0	0.0	0.0	0.0	0.0	0.0	0.0	0.0	0.0	0.0	0.0	0.0	0.0	0.0	0.0	0.0	0.0	0.0	0.0
KCP_086_Complete_1	0.0	0.0	0.0	0.0	0.0	0.0	0.0	0.0	0.0	0.0	0.0	0.0	0.0	0.0	0.0	0.0	0.0	0.0	0.0	0.0	0.0	0.0	0.0	0.0	0.0	0.0	0.0	0.0	0.0	0.0	0.0	0.0	0.0	0.0	100.0	100.0	100.0	83.97	84.36	0.1	0.52	0.52	0.52	0.52	0.52	0.52	0.52	0.52	0.52	0.52	0.52	0.52	0.52	0.52	0.52	0.82	0.83	0.83	0.34	0.34	0.34	0.0	0.0	0.0	0.0	0.0	0.0	0.0	0.0	0.0	0.0	0.0	0.0	0.0	0.0	0.0	0.0	0.0	0.0	0.0	0.0	0.0	0.0	0.0	0.0	0.0	0.0	0.0	0.0	0.0	0.0
KCP_084_Complete_1	0.0	0.0	0.0	0.0	0.0	0.0	0.0	0.0	0.0	0.0	0.0	0.0	0.0	0.0	0.0	0.0	0.0	0.0	0.0	0.0	0.0	0.0	0.0	0.0	0.0	0.0	0.0	0.0	0.0	0.0	0.0	0.0	0.0	0.0	0.0	100.0	100.0	83.96	84.36	0.1	0.52	0.52	0.52	0.52	0.52	0.52	0.52	0.52	0.52	0.52	0.52	0.52	0.52	0.52	0.52	0.82	0.83	0.83	0.34	0.34	0.34	0.0	0.0	0.0	0.0	0.0	0.0	0.0	0.0	0.0	0.0	0.0	0.0	0.0	0.0	0.0	0.0	0.0	0.0	0.0	0.0	0.0	0.0	0.0	0.0	0.0	0.0	0.0	0.0	0.0	0.0
KCP_094_Complete_1	0.0	0.0	0.0	0.0	0.0	0.0	0.0	0.0	0.0	0.0	0.0	0.0	0.0	0.0	0.0	0.0	0.0	0.0	0.0	0.0	0.0	0.0	0.0	0.0	0.0	0.0	0.0	0.0	0.0	0.0	0.0	0.0	0.0	0.0	0.0	0.0	100.0	83.96	84.36	0.1	0.52	0.52	0.52	0.52	0.52	0.52	0.52	0.52	0.52	0.52	0.52	0.52	0.52	0.52	0.52	0.82	0.83	0.83	0.34	0.34	0.34	0.0	0.0	0.0	0.0	0.0	0.0	0.0	0.0	0.0	0.0	0.0	0.0	0.0	0.0	0.0	0.0	0.0	0.0	0.0	0.0	0.0	0.0	0.0	0.0	0.0	0.0	0.0	0.0	0.0	0.0
KCP_042_High-quality_1	0.0	0.0	0.0	0.0	0.0	0.0	0.0	0.0	0.0	0.0	0.0	0.0	0.0	0.0	0.0	0.0	0.0	0.0	0.0	0.0	0.0	0.0	0.0	0.0	0.0	0.0	0.0	0.0	0.0	0.0	0.0	0.0	0.0	0.0	0.0	0.0	0.0	100.0	99.8	0.75	0.71	0.71	0.71	0.71	0.71	0.71	0.71	0.71	0.71	0.71	0.71	0.71	0.71	0.71	0.71	1.32	1.35	1.35	0.53	0.52	0.52	0.08	0.08	0.08	0.08	0.08	0.12	0.12	0.12	0.12	0.12	0.12	0.12	0.08	0.08	0.08	0.08	0.08	0.14	0.1	0.07	0.07	0.0	0.0	0.0	0.0	0.0	0.0	0.27	0.02	0.02
KCP_077_High-quality_1	0.0	0.0	0.0	0.0	0.0	0.0	0.0	0.0	0.0	0.0	0.0	0.0	0.0	0.0	0.0	0.0	0.0	0.0	0.0	0.0	0.0	0.0	0.0	0.0	0.0	0.0	0.0	0.0	0.0	0.0	0.0	0.0	0.0	0.0	0.0	0.0	0.0	0.0	100.0	0.74	0.7	0.7	0.7	0.7	0.7	0.7	0.7	0.7	0.7	0.7	0.7	0.7	0.7	0.7	0.7	1.3	1.33	1.33	0.52	0.52	0.52	0.08	0.08	0.08	0.08	0.08	0.12	0.12	0.12	0.12	0.12	0.12	0.12	0.08	0.08	0.08	0.08	0.08	0.13	0.1	0.07	0.07	0.0	0.0	0.0	0.0	0.0	0.0	0.27	0.02	0.02
KCP_064_Medium-quality_1	0.0	0.0	0.0	0.0	0.0	0.0	0.0	0.0	0.0	0.0	0.0	0.0	0.0	0.0	0.0	0.0	0.0	0.0	0.0	0.0	0.0	0.0	0.0	0.0	0.0	0.0	0.0	0.0	0.0	0.0	0.0	0.0	0.0	0.0	0.0	0.0	0.0	0.0	0.0	100.0	94.29	94.29	94.29	94.29	94.29	94.29	94.29	94.29	94.29	94.29	94.29	94.29	94.29	94.29	94.29	57.87	72.07	72.07	76.46	76.21	76.16	0.38	0.38	0.38	0.38	0.38	0.2	0.2	0.2	0.2	0.2	0.2	0.21	0.37	0.36	0.36	0.36	0.36	0.23	0.2	0.37	0.39	0.0	0.0	0.0	0.0	0.0	0.0	0.27	0.0	0.0
KCP_057_Complete_1	0.0	0.0	0.0	0.0	0.0	0.0	0.0	0.0	0.0	0.0	0.0	0.0	0.0	0.0	0.0	0.0	0.0	0.0	0.0	0.0	0.0	0.0	0.0	0.0	0.0	0.0	0.0	0.0	0.0	0.0	0.0	0.0	0.0	0.0	0.0	0.0	0.0	0.0	0.0	0.0	100.0	100.0	100.0	100.0	99.99	100.0	100.0	100.0	100.0	99.99	99.99	100.0	100.0	100.0	100.0	62.75	78.49	78.48	82.62	82.37	82.32	0.37	0.37	0.37	0.37	0.37	0.19	0.19	0.19	0.19	0.19	0.2	0.2	0.36	0.35	0.35	0.35	0.35	0.22	0.19	0.36	0.37	0.0	0.0	0.0	0.0	0.0	0.0	0.26	0.0	0.0
KCP_066_Complete_1	0.0	0.0	0.0	0.0	0.0	0.0	0.0	0.0	0.0	0.0	0.0	0.0	0.0	0.0	0.0	0.0	0.0	0.0	0.0	0.0	0.0	0.0	0.0	0.0	0.0	0.0	0.0	0.0	0.0	0.0	0.0	0.0	0.0	0.0	0.0	0.0	0.0	0.0	0.0	0.0	0.0	100.0	100.0	100.0	99.99	100.0	100.0	100.0	100.0	100.0	100.0	100.0	100.0	100.0	100.0	62.94	78.45	78.45	82.68	82.43	82.37	0.37	0.37	0.37	0.37	0.37	0.19	0.19	0.19	0.19	0.19	0.2	0.2	0.36	0.35	0.35	0.35	0.35	0.22	0.19	0.36	0.37	0.0	0.0	0.0	0.0	0.0	0.0	0.26	0.0	0.0
KCP_046_Complete_1	0.0	0.0	0.0	0.0	0.0	0.0	0.0	0.0	0.0	0.0	0.0	0.0	0.0	0.0	0.0	0.0	0.0	0.0	0.0	0.0	0.0	0.0	0.0	0.0	0.0	0.0	0.0	0.0	0.0	0.0	0.0	0.0	0.0	0.0	0.0	0.0	0.0	0.0	0.0	0.0	0.0	0.0	100.0	100.0	99.99	100.0	100.0	100.0	100.0	100.0	100.0	100.0	100.0	100.0	100.0	62.89	78.52	78.52	82.62	82.37	82.32	0.37	0.37	0.37	0.37	0.37	0.19	0.19	0.19	0.19	0.19	0.2	0.2	0.36	0.35	0.35	0.35	0.35	0.22	0.19	0.36	0.37	0.0	0.0	0.0	0.0	0.0	0.0	0.26	0.0	0.0
KCP_056_Complete_1	0.0	0.0	0.0	0.0	0.0	0.0	0.0	0.0	0.0	0.0	0.0	0.0	0.0	0.0	0.0	0.0	0.0	0.0	0.0	0.0	0.0	0.0	0.0	0.0	0.0	0.0	0.0	0.0	0.0	0.0	0.0	0.0	0.0	0.0	0.0	0.0	0.0	0.0	0.0	0.0	0.0	0.0	0.0	100.0	99.99	100.0	100.0	100.0	100.0	100.0	100.0	100.0	100.0	100.0	100.0	62.96	78.52	78.52	82.65	82.41	82.35	0.37	0.37	0.37	0.37	0.37	0.19	0.19	0.19	0.19	0.19	0.2	0.2	0.36	0.35	0.35	0.35	0.35	0.22	0.19	0.36	0.37	0.0	0.0	0.0	0.0	0.0	0.0	0.26	0.0	0.0
KCP_021_Complete_1	0.0	0.0	0.0	0.0	0.0	0.0	0.0	0.0	0.0	0.0	0.0	0.0	0.0	0.0	0.0	0.0	0.0	0.0	0.0	0.0	0.0	0.0	0.0	0.0	0.0	0.0	0.0	0.0	0.0	0.0	0.0	0.0	0.0	0.0	0.0	0.0	0.0	0.0	0.0	0.0	0.0	0.0	0.0	0.0	100.0	99.99	99.99	99.99	99.99	99.99	99.99	99.99	99.99	99.99	99.99	63.0	78.5	78.49	82.74	82.49	82.43	0.37	0.37	0.37	0.37	0.37	0.19	0.19	0.19	0.19	0.19	0.2	0.2	0.36	0.35	0.35	0.35	0.35	0.22	0.19	0.36	0.37	0.0	0.0	0.0	0.0	0.0	0.0	0.26	0.0	0.0
KCP_036_Complete_1	0.0	0.0	0.0	0.0	0.0	0.0	0.0	0.0	0.0	0.0	0.0	0.0	0.0	0.0	0.0	0.0	0.0	0.0	0.0	0.0	0.0	0.0	0.0	0.0	0.0	0.0	0.0	0.0	0.0	0.0	0.0	0.0	0.0	0.0	0.0	0.0	0.0	0.0	0.0	0.0	0.0	0.0	0.0	0.0	0.0	100.0	100.0	100.0	100.0	100.0	100.0	100.0	100.0	100.0	100.0	63.0	78.52	78.52	82.75	82.5	82.44	0.37	0.37	0.37	0.37	0.37	0.19	0.19	0.19	0.19	0.19	0.2	0.2	0.36	0.35	0.35	0.35	0.35	0.22	0.19	0.36	0.37	0.0	0.0	0.0	0.0	0.0	0.0	0.26	0.0	0.0
KCP_044_Complete_1	0.0	0.0	0.0	0.0	0.0	0.0	0.0	0.0	0.0	0.0	0.0	0.0	0.0	0.0	0.0	0.0	0.0	0.0	0.0	0.0	0.0	0.0	0.0	0.0	0.0	0.0	0.0	0.0	0.0	0.0	0.0	0.0	0.0	0.0	0.0	0.0	0.0	0.0	0.0	0.0	0.0	0.0	0.0	0.0	0.0	0.0	100.0	100.0	100.0	100.0	100.0	100.0	100.0	100.0	100.0	63.01	78.52	78.52	82.75	82.5	82.44	0.37	0.37	0.37	0.37	0.37	0.19	0.19	0.19	0.19	0.19	0.2	0.2	0.36	0.35	0.35	0.35	0.35	0.22	0.19	0.36	0.37	0.0	0.0	0.0	0.0	0.0	0.0	0.26	0.0	0.0
KCP_090_Complete_1	0.0	0.0	0.0	0.0	0.0	0.0	0.0	0.0	0.0	0.0	0.0	0.0	0.0	0.0	0.0	0.0	0.0	0.0	0.0	0.0	0.0	0.0	0.0	0.0	0.0	0.0	0.0	0.0	0.0	0.0	0.0	0.0	0.0	0.0	0.0	0.0	0.0	0.0	0.0	0.0	0.0	0.0	0.0	0.0	0.0	0.0	0.0	100.0	100.0	100.0	100.0	100.0	100.0	100.0	100.0	62.99	78.52	78.52	82.75	82.5	82.45	0.37	0.37	0.37	0.37	0.37	0.19	0.19	0.19	0.19	0.19	0.2	0.2	0.36	0.35	0.35	0.35	0.35	0.22	0.19	0.36	0.37	0.0	0.0	0.0	0.0	0.0	0.0	0.26	0.0	0.0
KCP_034_Complete_1	0.0	0.0	0.0	0.0	0.0	0.0	0.0	0.0	0.0	0.0	0.0	0.0	0.0	0.0	0.0	0.0	0.0	0.0	0.0	0.0	0.0	0.0	0.0	0.0	0.0	0.0	0.0	0.0	0.0	0.0	0.0	0.0	0.0	0.0	0.0	0.0	0.0	0.0	0.0	0.0	0.0	0.0	0.0	0.0	0.0	0.0	0.0	0.0	100.0	100.0	100.0	100.0	100.0	100.0	100.0	62.98	78.52	78.52	82.75	82.5	82.44	0.37	0.37	0.37	0.37	0.37	0.19	0.19	0.19	0.19	0.19	0.2	0.2	0.36	0.35	0.35	0.35	0.35	0.22	0.19	0.36	0.37	0.0	0.0	0.0	0.0	0.0	0.0	0.26	0.0	0.0
KCP_062_Complete_1	0.0	0.0	0.0	0.0	0.0	0.0	0.0	0.0	0.0	0.0	0.0	0.0	0.0	0.0	0.0	0.0	0.0	0.0	0.0	0.0	0.0	0.0	0.0	0.0	0.0	0.0	0.0	0.0	0.0	0.0	0.0	0.0	0.0	0.0	0.0	0.0	0.0	0.0	0.0	0.0	0.0	0.0	0.0	0.0	0.0	0.0	0.0	0.0	0.0	100.0	100.0	100.0	100.0	100.0	100.0	62.98	78.52	78.52	82.75	82.5	82.44	0.37	0.37	0.37	0.37	0.37	0.19	0.19	0.19	0.19	0.19	0.2	0.2	0.36	0.35	0.35	0.35	0.35	0.22	0.19	0.36	0.37	0.0	0.0	0.0	0.0	0.0	0.0	0.26	0.0	0.0
KCP_061_Complete_1	0.0	0.0	0.0	0.0	0.0	0.0	0.0	0.0	0.0	0.0	0.0	0.0	0.0	0.0	0.0	0.0	0.0	0.0	0.0	0.0	0.0	0.0	0.0	0.0	0.0	0.0	0.0	0.0	0.0	0.0	0.0	0.0	0.0	0.0	0.0	0.0	0.0	0.0	0.0	0.0	0.0	0.0	0.0	0.0	0.0	0.0	0.0	0.0	0.0	0.0	100.0	100.0	100.0	100.0	100.0	62.89	78.52	78.52	82.71	82.46	82.4	0.37	0.37	0.37	0.37	0.37	0.19	0.19	0.19	0.19	0.19	0.2	0.2	0.36	0.35	0.35	0.35	0.35	0.22	0.19	0.36	0.37	0.0	0.0	0.0	0.0	0.0	0.0	0.26	0.0	0.0
KCP_005_Complete_1	0.0	0.0	0.0	0.0	0.0	0.0	0.0	0.0	0.0	0.0	0.0	0.0	0.0	0.0	0.0	0.0	0.0	0.0	0.0	0.0	0.0	0.0	0.0	0.0	0.0	0.0	0.0	0.0	0.0	0.0	0.0	0.0	0.0	0.0	0.0	0.0	0.0	0.0	0.0	0.0	0.0	0.0	0.0	0.0	0.0	0.0	0.0	0.0	0.0	0.0	0.0	100.0	100.0	100.0	100.0	62.89	78.53	78.52	82.76	82.51	82.45	0.37	0.37	0.37	0.37	0.37	0.19	0.19	0.19	0.19	0.19	0.2	0.2	0.36	0.35	0.35	0.35	0.35	0.22	0.19	0.36	0.37	0.0	0.0	0.0	0.0	0.0	0.0	0.26	0.0	0.0
KCP_070_Complete_1	0.0	0.0	0.0	0.0	0.0	0.0	0.0	0.0	0.0	0.0	0.0	0.0	0.0	0.0	0.0	0.0	0.0	0.0	0.0	0.0	0.0	0.0	0.0	0.0	0.0	0.0	0.0	0.0	0.0	0.0	0.0	0.0	0.0	0.0	0.0	0.0	0.0	0.0	0.0	0.0	0.0	0.0	0.0	0.0	0.0	0.0	0.0	0.0	0.0	0.0	0.0	0.0	100.0	100.0	100.0	62.94	78.52	78.52	82.75	82.5	82.45	0.37	0.37	0.37	0.37	0.37	0.19	0.19	0.19	0.19	0.19	0.2	0.2	0.36	0.35	0.35	0.35	0.35	0.22	0.19	0.36	0.37	0.0	0.0	0.0	0.0	0.0	0.0	0.26	0.0	0.0
KCP_027_Complete_1	0.0	0.0	0.0	0.0	0.0	0.0	0.0	0.0	0.0	0.0	0.0	0.0	0.0	0.0	0.0	0.0	0.0	0.0	0.0	0.0	0.0	0.0	0.0	0.0	0.0	0.0	0.0	0.0	0.0	0.0	0.0	0.0	0.0	0.0	0.0	0.0	0.0	0.0	0.0	0.0	0.0	0.0	0.0	0.0	0.0	0.0	0.0	0.0	0.0	0.0	0.0	0.0	0.0	100.0	100.0	62.94	78.52	78.52	82.75	82.5	82.45	0.37	0.37	0.37	0.37	0.37	0.19	0.19	0.19	0.19	0.19	0.2	0.2	0.36	0.35	0.35	0.35	0.35	0.22	0.19	0.36	0.37	0.0	0.0	0.0	0.0	0.0	0.0	0.26	0.0	0.0
KCP_055_Complete_1	0.0	0.0	0.0	0.0	0.0	0.0	0.0	0.0	0.0	0.0	0.0	0.0	0.0	0.0	0.0	0.0	0.0	0.0	0.0	0.0	0.0	0.0	0.0	0.0	0.0	0.0	0.0	0.0	0.0	0.0	0.0	0.0	0.0	0.0	0.0	0.0	0.0	0.0	0.0	0.0	0.0	0.0	0.0	0.0	0.0	0.0	0.0	0.0	0.0	0.0	0.0	0.0	0.0	0.0	100.0	62.94	78.52	78.52	82.75	82.5	82.45	0.37	0.37	0.37	0.37	0.37	0.19	0.19	0.19	0.19	0.19	0.2	0.2	0.36	0.35	0.35	0.35	0.35	0.22	0.19	0.36	0.37	0.0	0.0	0.0	0.0	0.0	0.0	0.26	0.0	0.0
KCP_049_Complete_1	0.0	0.0	0.0	0.0	0.0	0.0	0.0	0.0	0.0	0.0	0.0	0.0	0.0	0.0	0.0	0.0	0.0	0.0	0.0	0.0	0.0	0.0	0.0	0.0	0.0	0.0	0.0	0.0	0.0	0.0	0.0	0.0	0.0	0.0	0.0	0.0	0.0	0.0	0.0	0.0	0.0	0.0	0.0	0.0	0.0	0.0	0.0	0.0	0.0	0.0	0.0	0.0	0.0	0.0	0.0	100.0	70.35	70.4	63.16	62.97	62.94	0.08	0.08	0.08	0.08	0.08	0.17	0.17	0.17	0.17	0.17	0.17	0.17	0.16	0.15	0.15	0.15	0.15	0.19	0.08	0.16	0.17	0.0	0.0	0.0	0.0	0.0	0.0	0.57	0.0	0.0
KCP_015_Complete_1	0.0	0.0	0.0	0.0	0.0	0.0	0.0	0.0	0.0	0.0	0.0	0.0	0.0	0.0	0.0	0.0	0.0	0.0	0.0	0.0	0.0	0.0	0.0	0.0	0.0	0.0	0.0	0.0	0.0	0.0	0.0	0.0	0.0	0.0	0.0	0.0	0.0	0.0	0.0	0.0	0.0	0.0	0.0	0.0	0.0	0.0	0.0	0.0	0.0	0.0	0.0	0.0	0.0	0.0	0.0	0.0	100.0	100.0	81.17	80.93	80.88	0.19	0.19	0.19	0.19	0.19	0.19	0.19	0.19	0.19	0.19	0.19	0.2	0.21	0.21	0.21	0.21	0.21	0.21	0.22	0.2	0.19	0.0	0.0	0.0	0.0	0.0	0.0	0.48	0.02	0.02
KCP_076_Complete_1	0.0	0.0	0.0	0.0	0.0	0.0	0.0	0.0	0.0	0.0	0.0	0.0	0.0	0.0	0.0	0.0	0.0	0.0	0.0	0.0	0.0	0.0	0.0	0.0	0.0	0.0	0.0	0.0	0.0	0.0	0.0	0.0	0.0	0.0	0.0	0.0	0.0	0.0	0.0	0.0	0.0	0.0	0.0	0.0	0.0	0.0	0.0	0.0	0.0	0.0	0.0	0.0	0.0	0.0	0.0	0.0	0.0	100.0	81.21	80.98	80.92	0.19	0.19	0.19	0.19	0.19	0.19	0.19	0.19	0.19	0.19	0.19	0.2	0.21	0.21	0.21	0.21	0.21	0.21	0.22	0.2	0.19	0.0	0.0	0.0	0.0	0.0	0.0	0.48	0.02	0.02
KCP_013_Complete_1	0.0	0.0	0.0	0.0	0.0	0.0	0.0	0.0	0.0	0.0	0.0	0.0	0.0	0.0	0.0	0.0	0.0	0.0	0.0	0.0	0.0	0.0	0.0	0.0	0.0	0.0	0.0	0.0	0.0	0.0	0.0	0.0	0.0	0.0	0.0	0.0	0.0	0.0	0.0	0.0	0.0	0.0	0.0	0.0	0.0	0.0	0.0	0.0	0.0	0.0	0.0	0.0	0.0	0.0	0.0	0.0	0.0	0.0	100.0	100.0	99.98	0.1	0.1	0.1	0.1	0.1	0.47	0.47	0.47	0.47	0.47	0.49	0.5	0.07	0.07	0.07	0.07	0.07	0.54	0.36	0.19	0.2	0.0	0.0	0.0	0.0	0.0	0.0	0.36	0.0	0.0
KCP_012_Complete_1	0.0	0.0	0.0	0.0	0.0	0.0	0.0	0.0	0.0	0.0	0.0	0.0	0.0	0.0	0.0	0.0	0.0	0.0	0.0	0.0	0.0	0.0	0.0	0.0	0.0	0.0	0.0	0.0	0.0	0.0	0.0	0.0	0.0	0.0	0.0	0.0	0.0	0.0	0.0	0.0	0.0	0.0	0.0	0.0	0.0	0.0	0.0	0.0	0.0	0.0	0.0	0.0	0.0	0.0	0.0	0.0	0.0	0.0	0.0	100.0	99.98	0.1	0.1	0.1	0.1	0.1	0.47	0.47	0.47	0.47	0.47	0.49	0.5	0.07	0.07	0.07	0.07	0.07	0.54	0.36	0.19	0.2	0.0	0.0	0.0	0.0	0.0	0.0	0.35	0.0	0.0
KCP_020_Complete_1	0.0	0.0	0.0	0.0	0.0	0.0	0.0	0.0	0.0	0.0	0.0	0.0	0.0	0.0	0.0	0.0	0.0	0.0	0.0	0.0	0.0	0.0	0.0	0.0	0.0	0.0	0.0	0.0	0.0	0.0	0.0	0.0	0.0	0.0	0.0	0.0	0.0	0.0	0.0	0.0	0.0	0.0	0.0	0.0	0.0	0.0	0.0	0.0	0.0	0.0	0.0	0.0	0.0	0.0	0.0	0.0	0.0	0.0	0.0	0.0	100.0	0.1	0.1	0.1	0.1	0.1	0.47	0.47	0.47	0.47	0.47	0.49	0.5	0.07	0.07	0.07	0.07	0.07	0.54	0.36	0.19	0.2	0.0	0.0	0.0	0.0	0.0	0.0	0.36	0.0	0.0
KCP_011_High-quality_1	0.0	0.0	0.0	0.0	0.0	0.0	0.0	0.0	0.0	0.0	0.0	0.0	0.0	0.0	0.0	0.0	0.0	0.0	0.0	0.0	0.0	0.0	0.0	0.0	0.0	0.0	0.0	0.0	0.0	0.0	0.0	0.0	0.0	0.0	0.0	0.0	0.0	0.0	0.0	0.0	0.0	0.0	0.0	0.0	0.0	0.0	0.0	0.0	0.0	0.0	0.0	0.0	0.0	0.0	0.0	0.0	0.0	0.0	0.0	0.0	0.0	100.0	99.47	99.52	99.52	99.53	90.44	90.57	90.61	90.61	90.61	89.1	89.72	90.79	92.35	92.35	92.36	92.36	84.99	89.55	90.11	89.29	1.1	1.1	1.1	1.1	1.24	1.13	0.68	0.35	0.35
KCP_078_High-quality_1	0.0	0.0	0.0	0.0	0.0	0.0	0.0	0.0	0.0	0.0	0.0	0.0	0.0	0.0	0.0	0.0	0.0	0.0	0.0	0.0	0.0	0.0	0.0	0.0	0.0	0.0	0.0	0.0	0.0	0.0	0.0	0.0	0.0	0.0	0.0	0.0	0.0	0.0	0.0	0.0	0.0	0.0	0.0	0.0	0.0	0.0	0.0	0.0	0.0	0.0	0.0	0.0	0.0	0.0	0.0	0.0	0.0	0.0	0.0	0.0	0.0	0.0	100.0	99.92	99.93	99.93	90.8	90.9	90.94	90.96	90.97	88.75	89.36	90.42	92.74	92.73	92.75	92.75	84.63	89.94	89.75	89.75	1.1	1.1	1.09	1.09	1.24	1.12	0.67	0.34	0.34
KCP_093_Complete_1	0.0	0.0	0.0	0.0	0.0	0.0	0.0	0.0	0.0	0.0	0.0	0.0	0.0	0.0	0.0	0.0	0.0	0.0	0.0	0.0	0.0	0.0	0.0	0.0	0.0	0.0	0.0	0.0	0.0	0.0	0.0	0.0	0.0	0.0	0.0	0.0	0.0	0.0	0.0	0.0	0.0	0.0	0.0	0.0	0.0	0.0	0.0	0.0	0.0	0.0	0.0	0.0	0.0	0.0	0.0	0.0	0.0	0.0	0.0	0.0	0.0	0.0	0.0	100.0	99.97	99.98	90.85	90.98	91.03	91.02	91.02	88.7	89.31	90.37	92.79	92.79	92.8	92.8	84.61	90.0	89.7	89.78	1.1	1.09	1.09	1.09	1.24	1.12	0.67	0.34	0.34
KCP_067_Complete_1	0.0	0.0	0.0	0.0	0.0	0.0	0.0	0.0	0.0	0.0	0.0	0.0	0.0	0.0	0.0	0.0	0.0	0.0	0.0	0.0	0.0	0.0	0.0	0.0	0.0	0.0	0.0	0.0	0.0	0.0	0.0	0.0	0.0	0.0	0.0	0.0	0.0	0.0	0.0	0.0	0.0	0.0	0.0	0.0	0.0	0.0	0.0	0.0	0.0	0.0	0.0	0.0	0.0	0.0	0.0	0.0	0.0	0.0	0.0	0.0	0.0	0.0	0.0	0.0	100.0	99.98	90.82	90.96	91.0	90.99	90.99	88.65	89.26	90.33	92.73	92.72	92.74	92.74	84.53	89.96	89.66	89.71	1.1	1.09	1.09	1.09	1.23	1.12	0.67	0.34	0.34
KCP_069_Complete_1	0.0	0.0	0.0	0.0	0.0	0.0	0.0	0.0	0.0	0.0	0.0	0.0	0.0	0.0	0.0	0.0	0.0	0.0	0.0	0.0	0.0	0.0	0.0	0.0	0.0	0.0	0.0	0.0	0.0	0.0	0.0	0.0	0.0	0.0	0.0	0.0	0.0	0.0	0.0	0.0	0.0	0.0	0.0	0.0	0.0	0.0	0.0	0.0	0.0	0.0	0.0	0.0	0.0	0.0	0.0	0.0	0.0	0.0	0.0	0.0	0.0	0.0	0.0	0.0	0.0	100.0	90.83	90.97	91.01	91.0	91.0	88.66	89.27	90.34	92.74	92.73	92.74	92.74	84.53	89.97	89.67	89.71	1.1	1.09	1.09	1.09	1.23	1.12	0.67	0.34	0.34
KCP_007_Complete_1	0.0	0.0	0.0	0.0	0.0	0.0	0.0	0.0	0.0	0.0	0.0	0.0	0.0	0.0	0.0	0.0	0.0	0.0	0.0	0.0	0.0	0.0	0.0	0.0	0.0	0.0	0.0	0.0	0.0	0.0	0.0	0.0	0.0	0.0	0.0	0.0	0.0	0.0	0.0	0.0	0.0	0.0	0.0	0.0	0.0	0.0	0.0	0.0	0.0	0.0	0.0	0.0	0.0	0.0	0.0	0.0	0.0	0.0	0.0	0.0	0.0	0.0	0.0	0.0	0.0	0.0	100.0	99.83	99.83	99.83	99.83	97.57	96.16	91.79	94.07	94.07	94.08	94.08	90.19	92.69	92.03	88.83	1.34	1.34	1.34	1.34	1.53	1.32	0.79	0.34	0.34
KCP_058_Complete_1	0.0	0.0	0.0	0.0	0.0	0.0	0.0	0.0	0.0	0.0	0.0	0.0	0.0	0.0	0.0	0.0	0.0	0.0	0.0	0.0	0.0	0.0	0.0	0.0	0.0	0.0	0.0	0.0	0.0	0.0	0.0	0.0	0.0	0.0	0.0	0.0	0.0	0.0	0.0	0.0	0.0	0.0	0.0	0.0	0.0	0.0	0.0	0.0	0.0	0.0	0.0	0.0	0.0	0.0	0.0	0.0	0.0	0.0	0.0	0.0	0.0	0.0	0.0	0.0	0.0	0.0	0.0	100.0	99.99	99.99	100.0	97.74	96.33	91.97	94.24	94.24	94.25	94.26	90.38	92.87	92.2	89.02	1.34	1.34	1.34	1.34	1.52	1.32	0.82	0.34	0.34
KCP_059_Complete_1	0.0	0.0	0.0	0.0	0.0	0.0	0.0	0.0	0.0	0.0	0.0	0.0	0.0	0.0	0.0	0.0	0.0	0.0	0.0	0.0	0.0	0.0	0.0	0.0	0.0	0.0	0.0	0.0	0.0	0.0	0.0	0.0	0.0	0.0	0.0	0.0	0.0	0.0	0.0	0.0	0.0	0.0	0.0	0.0	0.0	0.0	0.0	0.0	0.0	0.0	0.0	0.0	0.0	0.0	0.0	0.0	0.0	0.0	0.0	0.0	0.0	0.0	0.0	0.0	0.0	0.0	0.0	0.0	100.0	99.99	99.99	97.74	96.33	91.96	94.24	94.24	94.25	94.25	90.33	92.87	92.2	88.97	1.34	1.34	1.34	1.34	1.52	1.32	0.79	0.34	0.34
KCP_026_Complete_1	0.0	0.0	0.0	0.0	0.0	0.0	0.0	0.0	0.0	0.0	0.0	0.0	0.0	0.0	0.0	0.0	0.0	0.0	0.0	0.0	0.0	0.0	0.0	0.0	0.0	0.0	0.0	0.0	0.0	0.0	0.0	0.0	0.0	0.0	0.0	0.0	0.0	0.0	0.0	0.0	0.0	0.0	0.0	0.0	0.0	0.0	0.0	0.0	0.0	0.0	0.0	0.0	0.0	0.0	0.0	0.0	0.0	0.0	0.0	0.0	0.0	0.0	0.0	0.0	0.0	0.0	0.0	0.0	0.0	100.0	99.99	97.74	96.33	91.96	94.23	94.23	94.24	94.24	90.38	92.86	92.19	89.01	1.34	1.34	1.34	1.34	1.52	1.32	0.79	0.34	0.34
KCP_043_Complete_1	0.0	0.0	0.0	0.0	0.0	0.0	0.0	0.0	0.0	0.0	0.0	0.0	0.0	0.0	0.0	0.0	0.0	0.0	0.0	0.0	0.0	0.0	0.0	0.0	0.0	0.0	0.0	0.0	0.0	0.0	0.0	0.0	0.0	0.0	0.0	0.0	0.0	0.0	0.0	0.0	0.0	0.0	0.0	0.0	0.0	0.0	0.0	0.0	0.0	0.0	0.0	0.0	0.0	0.0	0.0	0.0	0.0	0.0	0.0	0.0	0.0	0.0	0.0	0.0	0.0	0.0	0.0	0.0	0.0	0.0	100.0	97.74	96.33	91.96	94.23	94.23	94.24	94.25	90.38	92.86	92.19	89.01	1.34	1.34	1.34	1.34	1.52	1.32	0.79	0.34	0.34
KCP_014_High-quality_1	0.0	0.0	0.0	0.0	0.0	0.0	0.0	0.0	0.0	0.0	0.0	0.0	0.0	0.0	0.0	0.0	0.0	0.0	0.0	0.0	0.0	0.0	0.0	0.0	0.0	0.0	0.0	0.0	0.0	0.0	0.0	0.0	0.0	0.0	0.0	0.0	0.0	0.0	0.0	0.0	0.0	0.0	0.0	0.0	0.0	0.0	0.0	0.0	0.0	0.0	0.0	0.0	0.0	0.0	0.0	0.0	0.0	0.0	0.0	0.0	0.0	0.0	0.0	0.0	0.0	0.0	0.0	0.0	0.0	0.0	0.0	100.0	98.55	93.65	92.04	92.05	92.05	92.05	92.58	90.6	93.04	87.09	1.38	1.38	1.38	1.38	1.57	1.35	0.81	0.34	0.34
KCP_092_High-quality_1	0.0	0.0	0.0	0.0	0.0	0.0	0.0	0.0	0.0	0.0	0.0	0.0	0.0	0.0	0.0	0.0	0.0	0.0	0.0	0.0	0.0	0.0	0.0	0.0	0.0	0.0	0.0	0.0	0.0	0.0	0.0	0.0	0.0	0.0	0.0	0.0	0.0	0.0	0.0	0.0	0.0	0.0	0.0	0.0	0.0	0.0	0.0	0.0	0.0	0.0	0.0	0.0	0.0	0.0	0.0	0.0	0.0	0.0	0.0	0.0	0.0	0.0	0.0	0.0	0.0	0.0	0.0	0.0	0.0	0.0	0.0	0.0	100.0	93.27	91.01	91.01	91.01	91.01	93.59	90.69	91.6	87.69	1.4	1.4	1.4	1.4	1.59	1.38	0.82	0.35	0.35
KCP_029_High-quality_1	0.0	0.0	0.0	0.0	0.0	0.0	0.0	0.0	0.0	0.0	0.0	0.0	0.0	0.0	0.0	0.0	0.0	0.0	0.0	0.0	0.0	0.0	0.0	0.0	0.0	0.0	0.0	0.0	0.0	0.0	0.0	0.0	0.0	0.0	0.0	0.0	0.0	0.0	0.0	0.0	0.0	0.0	0.0	0.0	0.0	0.0	0.0	0.0	0.0	0.0	0.0	0.0	0.0	0.0	0.0	0.0	0.0	0.0	0.0	0.0	0.0	0.0	0.0	0.0	0.0	0.0	0.0	0.0	0.0	0.0	0.0	0.0	0.0	100.0	97.6	97.61	97.61	97.61	87.65	90.26	93.4	88.28	1.39	1.39	1.39	1.39	1.58	1.4	0.87	0.34	0.34
KCP_095_Complete_1	0.0	0.0	0.0	0.0	0.0	0.0	0.0	0.0	0.0	0.0	0.0	0.0	0.0	0.0	0.0	0.0	0.0	0.0	0.0	0.0	0.0	0.0	0.0	0.0	0.0	0.0	0.0	0.0	0.0	0.0	0.0	0.0	0.0	0.0	0.0	0.0	0.0	0.0	0.0	0.0	0.0	0.0	0.0	0.0	0.0	0.0	0.0	0.0	0.0	0.0	0.0	0.0	0.0	0.0	0.0	0.0	0.0	0.0	0.0	0.0	0.0	0.0	0.0	0.0	0.0	0.0	0.0	0.0	0.0	0.0	0.0	0.0	0.0	0.0	100.0	99.98	99.99	99.99	85.76	92.65	92.93	90.56	1.35	1.35	1.34	1.34	1.53	1.36	0.85	0.33	0.33
KCP_075_Complete_1	0.0	0.0	0.0	0.0	0.0	0.0	0.0	0.0	0.0	0.0	0.0	0.0	0.0	0.0	0.0	0.0	0.0	0.0	0.0	0.0	0.0	0.0	0.0	0.0	0.0	0.0	0.0	0.0	0.0	0.0	0.0	0.0	0.0	0.0	0.0	0.0	0.0	0.0	0.0	0.0	0.0	0.0	0.0	0.0	0.0	0.0	0.0	0.0	0.0	0.0	0.0	0.0	0.0	0.0	0.0	0.0	0.0	0.0	0.0	0.0	0.0	0.0	0.0	0.0	0.0	0.0	0.0	0.0	0.0	0.0	0.0	0.0	0.0	0.0	0.0	100.0	99.99	99.99	85.8	92.65	92.94	90.6	1.35	1.35	1.34	1.34	1.53	1.36	0.85	0.33	0.33
KCP_009_Complete_1	0.0	0.0	0.0	0.0	0.0	0.0	0.0	0.0	0.0	0.0	0.0	0.0	0.0	0.0	0.0	0.0	0.0	0.0	0.0	0.0	0.0	0.0	0.0	0.0	0.0	0.0	0.0	0.0	0.0	0.0	0.0	0.0	0.0	0.0	0.0	0.0	0.0	0.0	0.0	0.0	0.0	0.0	0.0	0.0	0.0	0.0	0.0	0.0	0.0	0.0	0.0	0.0	0.0	0.0	0.0	0.0	0.0	0.0	0.0	0.0	0.0	0.0	0.0	0.0	0.0	0.0	0.0	0.0	0.0	0.0	0.0	0.0	0.0	0.0	0.0	0.0	100.0	100.0	85.81	92.66	92.94	90.61	1.35	1.35	1.34	1.34	1.53	1.36	0.85	0.33	0.33
KCP_039_Complete_1	0.0	0.0	0.0	0.0	0.0	0.0	0.0	0.0	0.0	0.0	0.0	0.0	0.0	0.0	0.0	0.0	0.0	0.0	0.0	0.0	0.0	0.0	0.0	0.0	0.0	0.0	0.0	0.0	0.0	0.0	0.0	0.0	0.0	0.0	0.0	0.0	0.0	0.0	0.0	0.0	0.0	0.0	0.0	0.0	0.0	0.0	0.0	0.0	0.0	0.0	0.0	0.0	0.0	0.0	0.0	0.0	0.0	0.0	0.0	0.0	0.0	0.0	0.0	0.0	0.0	0.0	0.0	0.0	0.0	0.0	0.0	0.0	0.0	0.0	0.0	0.0	0.0	100.0	85.81	92.66	92.94	90.61	1.35	1.35	1.34	1.34	1.53	1.36	0.85	0.33	0.33
KCP_027_Medium-quality_1	0.0	0.0	0.0	0.0	0.0	0.0	0.0	0.0	0.0	0.0	0.0	0.0	0.0	0.0	0.0	0.0	0.0	0.0	0.0	0.0	0.0	0.0	0.0	0.0	0.0	0.0	0.0	0.0	0.0	0.0	0.0	0.0	0.0	0.0	0.0	0.0	0.0	0.0	0.0	0.0	0.0	0.0	0.0	0.0	0.0	0.0	0.0	0.0	0.0	0.0	0.0	0.0	0.0	0.0	0.0	0.0	0.0	0.0	0.0	0.0	0.0	0.0	0.0	0.0	0.0	0.0	0.0	0.0	0.0	0.0	0.0	0.0	0.0	0.0	0.0	0.0	0.0	0.0	100.0	85.18	85.76	88.59	1.51	1.5	1.5	1.5	1.71	1.48	0.42	0.34	0.34
KCP_031_Complete_1	0.0	0.0	0.0	0.0	0.0	0.0	0.0	0.0	0.0	0.0	0.0	0.0	0.0	0.0	0.0	0.0	0.0	0.0	0.0	0.0	0.0	0.0	0.0	0.0	0.0	0.0	0.0	0.0	0.0	0.0	0.0	0.0	0.0	0.0	0.0	0.0	0.0	0.0	0.0	0.0	0.0	0.0	0.0	0.0	0.0	0.0	0.0	0.0	0.0	0.0	0.0	0.0	0.0	0.0	0.0	0.0	0.0	0.0	0.0	0.0	0.0	0.0	0.0	0.0	0.0	0.0	0.0	0.0	0.0	0.0	0.0	0.0	0.0	0.0	0.0	0.0	0.0	0.0	0.0	100.0	88.88	87.56	1.14	1.14	1.14	1.14	1.29	1.14	0.71	0.34	0.34
KCP_023_High-quality_1	0.0	0.0	0.0	0.0	0.0	0.0	0.0	0.0	0.0	0.0	0.0	0.0	0.0	0.0	0.0	0.0	0.0	0.0	0.0	0.0	0.0	0.0	0.0	0.0	0.0	0.0	0.0	0.0	0.0	0.0	0.0	0.0	0.0	0.0	0.0	0.0	0.0	0.0	0.0	0.0	0.0	0.0	0.0	0.0	0.0	0.0	0.0	0.0	0.0	0.0	0.0	0.0	0.0	0.0	0.0	0.0	0.0	0.0	0.0	0.0	0.0	0.0	0.0	0.0	0.0	0.0	0.0	0.0	0.0	0.0	0.0	0.0	0.0	0.0	0.0	0.0	0.0	0.0	0.0	0.0	100.0	94.1	1.35	1.34	1.34	1.34	1.42	1.06	0.8	0.34	0.34
KCP_030_High-quality_1	0.0	0.0	0.0	0.0	0.0	0.0	0.0	0.0	0.0	0.0	0.0	0.0	0.0	0.0	0.0	0.0	0.0	0.0	0.0	0.0	0.0	0.0	0.0	0.0	0.0	0.0	0.0	0.0	0.0	0.0	0.0	0.0	0.0	0.0	0.0	0.0	0.0	0.0	0.0	0.0	0.0	0.0	0.0	0.0	0.0	0.0	0.0	0.0	0.0	0.0	0.0	0.0	0.0	0.0	0.0	0.0	0.0	0.0	0.0	0.0	0.0	0.0	0.0	0.0	0.0	0.0	0.0	0.0	0.0	0.0	0.0	0.0	0.0	0.0	0.0	0.0	0.0	0.0	0.0	0.0	0.0	100.0	1.4	1.39	1.39	1.39	1.47	1.1	0.83	0.32	0.32
KCP_025_High-quality_1	0.0	0.0	0.0	0.0	0.0	0.0	0.0	0.0	0.0	0.0	0.0	0.0	0.0	0.0	0.0	0.0	0.0	0.0	0.0	0.0	0.0	0.0	0.0	0.0	0.0	0.0	0.0	0.0	0.0	0.0	0.0	0.0	0.0	0.0	0.0	0.0	0.0	0.0	0.0	0.0	0.0	0.0	0.0	0.0	0.0	0.0	0.0	0.0	0.0	0.0	0.0	0.0	0.0	0.0	0.0	0.0	0.0	0.0	0.0	0.0	0.0	0.0	0.0	0.0	0.0	0.0	0.0	0.0	0.0	0.0	0.0	0.0	0.0	0.0	0.0	0.0	0.0	0.0	0.0	0.0	0.0	0.0	100.0	99.7	99.56	99.56	89.22	92.99	0.02	0.48	0.48
KCP_089_High-quality_1	0.0	0.0	0.0	0.0	0.0	0.0	0.0	0.0	0.0	0.0	0.0	0.0	0.0	0.0	0.0	0.0	0.0	0.0	0.0	0.0	0.0	0.0	0.0	0.0	0.0	0.0	0.0	0.0	0.0	0.0	0.0	0.0	0.0	0.0	0.0	0.0	0.0	0.0	0.0	0.0	0.0	0.0	0.0	0.0	0.0	0.0	0.0	0.0	0.0	0.0	0.0	0.0	0.0	0.0	0.0	0.0	0.0	0.0	0.0	0.0	0.0	0.0	0.0	0.0	0.0	0.0	0.0	0.0	0.0	0.0	0.0	0.0	0.0	0.0	0.0	0.0	0.0	0.0	0.0	0.0	0.0	0.0	0.0	100.0	99.92	99.92	89.46	93.25	0.02	0.48	0.48
KCP_040_Complete_1	0.0	0.0	0.0	0.0	0.0	0.0	0.0	0.0	0.0	0.0	0.0	0.0	0.0	0.0	0.0	0.0	0.0	0.0	0.0	0.0	0.0	0.0	0.0	0.0	0.0	0.0	0.0	0.0	0.0	0.0	0.0	0.0	0.0	0.0	0.0	0.0	0.0	0.0	0.0	0.0	0.0	0.0	0.0	0.0	0.0	0.0	0.0	0.0	0.0	0.0	0.0	0.0	0.0	0.0	0.0	0.0	0.0	0.0	0.0	0.0	0.0	0.0	0.0	0.0	0.0	0.0	0.0	0.0	0.0	0.0	0.0	0.0	0.0	0.0	0.0	0.0	0.0	0.0	0.0	0.0	0.0	0.0	0.0	0.0	100.0	99.99	89.42	93.32	0.02	0.48	0.48
KCP_064_Complete_1	0.0	0.0	0.0	0.0	0.0	0.0	0.0	0.0	0.0	0.0	0.0	0.0	0.0	0.0	0.0	0.0	0.0	0.0	0.0	0.0	0.0	0.0	0.0	0.0	0.0	0.0	0.0	0.0	0.0	0.0	0.0	0.0	0.0	0.0	0.0	0.0	0.0	0.0	0.0	0.0	0.0	0.0	0.0	0.0	0.0	0.0	0.0	0.0	0.0	0.0	0.0	0.0	0.0	0.0	0.0	0.0	0.0	0.0	0.0	0.0	0.0	0.0	0.0	0.0	0.0	0.0	0.0	0.0	0.0	0.0	0.0	0.0	0.0	0.0	0.0	0.0	0.0	0.0	0.0	0.0	0.0	0.0	0.0	0.0	0.0	100.0	89.42	93.32	0.02	0.47	0.47
KCP_022_High-quality_1	0.0	0.0	0.0	0.0	0.0	0.0	0.0	0.0	0.0	0.0	0.0	0.0	0.0	0.0	0.0	0.0	0.0	0.0	0.0	0.0	0.0	0.0	0.0	0.0	0.0	0.0	0.0	0.0	0.0	0.0	0.0	0.0	0.0	0.0	0.0	0.0	0.0	0.0	0.0	0.0	0.0	0.0	0.0	0.0	0.0	0.0	0.0	0.0	0.0	0.0	0.0	0.0	0.0	0.0	0.0	0.0	0.0	0.0	0.0	0.0	0.0	0.0	0.0	0.0	0.0	0.0	0.0	0.0	0.0	0.0	0.0	0.0	0.0	0.0	0.0	0.0	0.0	0.0	0.0	0.0	0.0	0.0	0.0	0.0	0.0	0.0	100.0	89.01	0.0	0.43	0.43
KCP_091_Complete_1	0.0	0.0	0.0	0.0	0.0	0.0	0.0	0.0	0.0	0.0	0.0	0.0	0.0	0.0	0.0	0.0	0.0	0.0	0.0	0.0	0.0	0.0	0.0	0.0	0.0	0.0	0.0	0.0	0.0	0.0	0.0	0.0	0.0	0.0	0.0	0.0	0.0	0.0	0.0	0.0	0.0	0.0	0.0	0.0	0.0	0.0	0.0	0.0	0.0	0.0	0.0	0.0	0.0	0.0	0.0	0.0	0.0	0.0	0.0	0.0	0.0	0.0	0.0	0.0	0.0	0.0	0.0	0.0	0.0	0.0	0.0	0.0	0.0	0.0	0.0	0.0	0.0	0.0	0.0	0.0	0.0	0.0	0.0	0.0	0.0	0.0	0.0	100.0	0.02	0.46	0.46
KCP_051_Complete_1	0.0	0.0	0.0	0.0	0.0	0.0	0.0	0.0	0.0	0.0	0.0	0.0	0.0	0.0	0.0	0.0	0.0	0.0	0.0	0.0	0.0	0.0	0.0	0.0	0.0	0.0	0.0	0.0	0.0	0.0	0.0	0.0	0.0	0.0	0.0	0.0	0.0	0.0	0.0	0.0	0.0	0.0	0.0	0.0	0.0	0.0	0.0	0.0	0.0	0.0	0.0	0.0	0.0	0.0	0.0	0.0	0.0	0.0	0.0	0.0	0.0	0.0	0.0	0.0	0.0	0.0	0.0	0.0	0.0	0.0	0.0	0.0	0.0	0.0	0.0	0.0	0.0	0.0	0.0	0.0	0.0	0.0	0.0	0.0	0.0	0.0	0.0	0.0	100.0	14.38	14.37
KCP_072_Complete_1	0.0	0.0	0.0	0.0	0.0	0.0	0.0	0.0	0.0	0.0	0.0	0.0	0.0	0.0	0.0	0.0	0.0	0.0	0.0	0.0	0.0	0.0	0.0	0.0	0.0	0.0	0.0	0.0	0.0	0.0	0.0	0.0	0.0	0.0	0.0	0.0	0.0	0.0	0.0	0.0	0.0	0.0	0.0	0.0	0.0	0.0	0.0	0.0	0.0	0.0	0.0	0.0	0.0	0.0	0.0	0.0	0.0	0.0	0.0	0.0	0.0	0.0	0.0	0.0	0.0	0.0	0.0	0.0	0.0	0.0	0.0	0.0	0.0	0.0	0.0	0.0	0.0	0.0	0.0	0.0	0.0	0.0	0.0	0.0	0.0	0.0	0.0	0.0	0.0	100.0	100.0
KCP_096_Complete_1	0.0	0.0	0.0	0.0	0.0	0.0	0.0	0.0	0.0	0.0	0.0	0.0	0.0	0.0	0.0	0.0	0.0	0.0	0.0	0.0	0.0	0.0	0.0	0.0	0.0	0.0	0.0	0.0	0.0	0.0	0.0	0.0	0.0	0.0	0.0	0.0	0.0	0.0	0.0	0.0	0.0	0.0	0.0	0.0	0.0	0.0	0.0	0.0	0.0	0.0	0.0	0.0	0.0	0.0	0.0	0.0	0.0	0.0	0.0	0.0	0.0	0.0	0.0	0.0	0.0	0.0	0.0	0.0	0.0	0.0	0.0	0.0	0.0	0.0	0.0	0.0	0.0	0.0	0.0	0.0	0.0	0.0	0.0	0.0	0.0	0.0	0.0	0.0	0.0	0.0	100.0
